{
    "rmse": 0.7365118043057698,
    "mae": 0.5868095364635864,
    "r2": 0.11332286364831146
}