{
    "rmse": 0.734346308961634,
    "mae": 0.6037712567916164,
    "r2": 0.15925513840628736
}